,0,1,2,3,4,5,6,7,all_mean,all_std,parto_support,index_all_abbr,index_all_name,index_all
160,0.958710237,0.966273707,0.961094857,0.943935233,0.963383517,0.954222321,0.949695196,0.945912927,0.955403499,0.007751937,1,"('$\\chi_m$', '$H_f$', '$VEC$')","['electronegativity(martynov&batsanov)', 'fusion enthalpy', 'valence electron number']","(12, 13, 20, 21, 22, 23)"
123,0.963829065,0.96380252,0.966589601,0.935059916,0.967411971,0.951424359,0.949016912,0.943886406,0.955127594,0.011254909,1,"('$r_{c}$', '$\\chi_m$', '$VEC$')","['covalent radii', 'electronegativity(martynov&batsanov)', 'valence electron number']","(6, 7, 20, 21, 22, 23)"
138,0.96026799,0.96398824,0.957496696,0.946280742,0.960498026,0.949736291,0.945212809,0.945217123,0.95358724,0.007282348,1,"('$\\chi_m$', '$r_{is}$', '$VEC$')","['electronegativity(martynov&batsanov)', 'ionic radii(shannon)', 'valence electron number']","(8, 9, 20, 21, 22, 23)"
122,0.964515163,0.967712074,0.973514896,0.925932394,0.96163445,0.94302221,0.947634021,0.940959669,0.95311561,0.015208249,1,"('$r_{c}$', '$VEC$')","['covalent radii', 'valence electron number']","(6, 7, 20, 21)"
113,0.965051563,0.9673041,0.974186231,0.928442333,0.959627358,0.944011032,0.944805619,0.937828552,0.952657098,0.015095058,1,"('$r_{c}$', '$H_f$', '$VEC$')","['covalent radii', 'fusion enthalpy', 'valence electron number']","(6, 7, 12, 13, 20, 21)"
180,0.952981057,0.957724771,0.955426854,0.941130285,0.96109907,0.951662914,0.948363024,0.944006819,0.951549349,0.006344585,0,"('$\\chi_m$', '$VEC$')","['electronegativity(martynov&batsanov)', 'valence electron number']","(20, 21, 22, 23)"
106,0.964046079,0.961442549,0.960043083,0.942041873,0.95820164,0.941208484,0.940419031,0.944381268,0.951473001,0.009637067,1,"('$r_{c}$', '$r_{is}$', '$VEC$')","['covalent radii', 'ionic radii(shannon)', 'valence electron number']","(6, 7, 8, 9, 20, 21)"
110,0.964366691,0.96691008,0.973978065,0.926384786,0.959382458,0.94040467,0.939692009,0.930248026,0.950170848,0.016960399,0,"('$d_{ce}$', '$r_{c}$', '$VEC$')","['core electron distance(schubert)', 'covalent radii', 'valence electron number']","(6, 7, 10, 11, 20, 21)"
150,0.954490813,0.956279345,0.964518318,0.925424787,0.961630435,0.954196085,0.944353213,0.929756049,0.948831131,0.013499852,1,"('$d_{ce}$', '$\\chi_m$', '$VEC$')","['core electron distance(schubert)', 'electronegativity(martynov&batsanov)', 'valence electron number']","(10, 11, 20, 21, 22, 23)"
115,0.962493682,0.962139517,0.94444404,0.918127309,0.961994704,0.942264934,0.939434278,0.935965527,0.945857999,0.014685251,0,"('$E_{coh}$', '$r_{c}$', '$VEC$')","['cohesive energy(Brewer)', 'covalent radii', 'valence electron number']","(6, 7, 14, 15, 20, 21)"
118,0.971528769,0.957680686,0.947183621,0.904617415,0.963539734,0.943141905,0.939317154,0.938309251,0.945664817,0.019107577,1,"('$r_{c}$', '$E_{tot}$', '$VEC$')","['covalent radii', 'total energy', 'valence electron number']","(6, 7, 16, 17, 20, 21)"
159,0.904562902,0.953055711,0.950569325,0.957788876,0.95355053,0.950035776,0.948519399,0.944630266,0.945339098,0.015829955,1,"('$H_f$', '$VEC$')","['fusion enthalpy', 'valence electron number']","(12, 13, 20, 21)"
168,0.939109338,0.945251006,0.933251376,0.919375351,0.963365989,0.949294406,0.941387459,0.942414244,0.941681146,0.011815167,0,"('$E_{coh}$', '$\\chi_m$', '$VEC$')","['cohesive energy(Brewer)', 'electronegativity(martynov&batsanov)', 'valence electron number']","(14, 15, 20, 21, 22, 23)"
141,0.950737496,0.947375864,0.954283481,0.91457442,0.950215401,0.943808685,0.938879301,0.929977356,0.941231501,0.0123926,0,"('$d_{ce}$', '$H_f$', '$VEC$')","['core electron distance(schubert)', 'fusion enthalpy', 'valence electron number']","(10, 11, 12, 13, 20, 21)"
174,0.933516553,0.947120252,0.94131175,0.904514999,0.959979192,0.946823402,0.939000394,0.932787009,0.938131694,0.015101606,0,"('$\\chi_m$', '$E_{tot}$', '$VEC$')","['electronegativity(martynov&batsanov)', 'total energy', 'valence electron number']","(16, 17, 20, 21, 22, 23)"
121,0.95011234,0.940708028,0.916018819,0.915790977,0.956681416,0.94345063,0.941590329,0.932073864,0.9370533,0.013919409,0,"('$r_{c}$', '$N_{cs}$', '$VEC$')","['covalent radii', 'effective nuclear charge(slater)', 'valence electron number']","(6, 7, 18, 19, 20, 21)"
136,0.947848786,0.934936392,0.908805142,0.920353818,0.950394836,0.94528542,0.942656963,0.937004079,0.935910679,0.01353042,0,"('$N_{cs}$', '$r_{is}$', '$VEC$')","['effective nuclear charge(slater)', 'ionic radii(shannon)', 'valence electron number']","(8, 9, 18, 19, 20, 21)"
149,0.940514351,0.943284412,0.958000888,0.908766278,0.943711929,0.932446755,0.932350396,0.916679433,0.934469305,0.014744134,0,"('$d_{ce}$', '$VEC$')","['core electron distance(schubert)', 'valence electron number']","(10, 11, 20, 21)"
126,0.932354071,0.943386971,0.946603812,0.866276492,0.957226263,0.9451796,0.941633322,0.93345652,0.933264631,0.026350601,0,"('$d_{ce}$', '$r_{is}$', '$VEC$')","['core electron distance(schubert)', 'ionic radii(shannon)', 'valence electron number']","(8, 9, 10, 11, 20, 21)"
143,0.935800002,0.936118784,0.930906288,0.909957317,0.946358811,0.937344837,0.937590067,0.911049844,0.930640744,0.01229126,0,"('$E_{coh}$', '$d_{ce}$', '$VEC$')","['cohesive energy(Brewer)', 'core electron distance(schubert)', 'valence electron number']","(10, 11, 14, 15, 20, 21)"
148,0.931246311,0.937238327,0.911102128,0.910943139,0.948488919,0.936000409,0.933680884,0.92805019,0.929593788,0.012083645,0,"('$d_{ce}$', '$N_{cs}$', '$VEC$')","['core electron distance(schubert)', 'effective nuclear charge(slater)', 'valence electron number']","(10, 11, 18, 19, 20, 21)"
178,0.928428921,0.917327713,0.893211943,0.899298226,0.960177196,0.954824677,0.945824487,0.936871857,0.929495628,0.02313424,1,"('$N_{cs}$', '$\\chi_m$', '$VEC$')","['effective nuclear charge(slater)', 'electronegativity(martynov&batsanov)', 'valence electron number']","(18, 19, 20, 21, 22, 23)"
158,0.873854681,0.912294179,0.896082475,0.93208964,0.952721696,0.947933502,0.945045663,0.945082903,0.925638092,0.026833049,0,"('$N_{cs}$', '$H_f$', '$VEC$')","['effective nuclear charge(slater)', 'fusion enthalpy', 'valence electron number']","(12, 13, 18, 19, 20, 21)"
128,0.884933328,0.932363786,0.933313501,0.843448597,0.955938622,0.95040804,0.943739506,0.946529042,0.923834303,0.036718309,1,"('$H_f$', '$r_{is}$', '$VEC$')","['fusion enthalpy', 'ionic radii(shannon)', 'valence electron number']","(8, 9, 12, 13, 20, 21)"
133,0.914479348,0.912127344,0.909736231,0.848957263,0.964054218,0.945903807,0.93301701,0.941589927,0.921233143,0.032557748,0,"('$r_{is}$', '$E_{tot}$', '$VEC$')","['ionic radii(shannon)', 'total energy', 'valence electron number']","(8, 9, 16, 17, 20, 21)"
130,0.915672176,0.915738002,0.905814795,0.860368249,0.957693094,0.943664435,0.932837447,0.936665978,0.921056772,0.0278578,0,"('$E_{coh}$', '$r_{is}$', '$VEC$')","['cohesive energy(Brewer)', 'ionic radii(shannon)', 'valence electron number']","(8, 9, 14, 15, 20, 21)"
146,0.913449641,0.924866462,0.915586633,0.887160906,0.944141127,0.936325521,0.924557777,0.91046213,0.919568775,0.01629435,0,"('$d_{ce}$', '$E_{tot}$', '$VEC$')","['core electron distance(schubert)', 'total energy', 'valence electron number']","(10, 11, 16, 17, 20, 21)"
153,0.885834233,0.88429167,0.892074797,0.892850155,0.962132872,0.949446353,0.938203417,0.943795937,0.918578679,0.030583966,0,"('$E_{coh}$', '$H_f$', '$VEC$')","['cohesive energy(Brewer)', 'fusion enthalpy', 'valence electron number']","(12, 13, 14, 15, 20, 21)"
166,0.903424052,0.899439024,0.872412429,0.896169982,0.953547623,0.929070763,0.92194857,0.923225751,0.912404774,0.023158117,0,"('$E_{coh}$', '$N_{cs}$', '$VEC$')","['cohesive energy(Brewer)', 'effective nuclear charge(slater)', 'valence electron number']","(14, 15, 18, 19, 20, 21)"
156,0.867791098,0.862557433,0.895339471,0.870940731,0.964424188,0.950645377,0.939733423,0.945058966,0.912061336,0.039474992,1,"('$H_f$', '$E_{tot}$', '$VEC$')","['fusion enthalpy', 'total energy', 'valence electron number']","(12, 13, 16, 17, 20, 21)"
75,0.948628209,0.933064345,0.925256217,0.924102378,0.907414346,0.877259377,0.896627897,0.883743754,0.912012065,0.023372479,0,"('$\\rho_c$', '$\\chi_m$', '$VEC$')","['cell density', 'electronegativity(martynov&batsanov)', 'valence electron number']","(1, 20, 21, 22, 23)"
157,0.884444568,0.921669721,0.920055457,0.824556969,0.960211974,0.927910239,0.928452217,0.907620539,0.909365211,0.03770913,0,"('$\\chi_m$', '$H_f$', '$E_{tot}$')","['electronegativity(martynov&batsanov)', 'fusion enthalpy', 'total energy']","(12, 13, 16, 17, 22, 23)"
91,0.931102448,0.860216603,0.874652536,0.871355551,0.949814679,0.92809347,0.92133292,0.931353088,0.908490162,0.031908603,0,"('$r_{c}$', '$c$', '$VEC$')","['covalent radii', 'lattice constants c', 'valence electron number']","(4, 5, 6, 7, 20, 21)"
32,0.95601974,0.9351473,0.92550372,0.908324554,0.906426883,0.877378552,0.881107682,0.875733717,0.908205268,0.027507902,0,"('$\\rho_c$', '$r_{c}$', '$VEC$')","['cell density', 'covalent radii', 'valence electron number']","(1, 6, 7, 20, 21)"
167,0.881903374,0.875196819,0.873595891,0.894745117,0.952422575,0.926615874,0.921999606,0.921510169,0.905998678,0.02688588,0,"('$E_{coh}$', '$VEC$')","['cohesive energy(Brewer)', 'valence electron number']","(14, 15, 20, 21)"
137,0.861724805,0.880994118,0.872518626,0.841305807,0.953666567,0.946500053,0.938298793,0.9479965,0.905375659,0.042731844,1,"('$r_{is}$', '$VEC$')","['ionic radii(shannon)', 'valence electron number']","(8, 9, 20, 21)"
49,0.925831158,0.91784831,0.914787878,0.86268068,0.927721059,0.886279988,0.899362453,0.90719212,0.905212956,0.0205811,0,"('$\\rho_c$', '$d_{ce}$', '$VEC$')","['cell density', 'core electron distance(schubert)', 'valence electron number']","(1, 10, 11, 20, 21)"
177,0.914914191,0.890201451,0.875517005,0.90377351,0.915326966,0.912944236,0.908541405,0.912200998,0.90417747,0.013307799,0,"('$N_{cs}$', '$VEC$')","['effective nuclear charge(slater)', 'valence electron number']","(18, 19, 20, 21)"
68,0.96586501,0.924803108,0.90383839,0.929479133,0.893197532,0.877812018,0.873071297,0.856672253,0.903092343,0.033357298,1,"('$\\rho_c$', '$\\chi_m$', '$E_{tot}$')","['cell density', 'electronegativity(martynov&batsanov)', 'total energy']","(1, 16, 17, 22, 23)"
63,0.961688561,0.927236932,0.919500955,0.919915041,0.89237865,0.873962691,0.877302912,0.845854525,0.902230033,0.034400867,0,"('$\\rho_c$', '$E_{coh}$', '$\\chi_m$')","['cell density', 'cohesive energy(Brewer)', 'electronegativity(martynov&batsanov)']","(1, 14, 15, 22, 23)"
164,0.87256772,0.870980745,0.883291713,0.86646674,0.951881981,0.927953383,0.920926429,0.922494917,0.902070454,0.030374882,0,"('$E_{coh}$', '$E_{tot}$', '$VEC$')","['cohesive energy(Brewer)', 'total energy', 'valence electron number']","(14, 15, 16, 17, 20, 21)"
171,0.886614999,0.872108548,0.847685592,0.877054352,0.94793704,0.928777406,0.921541721,0.925038654,0.900844789,0.032464906,0,"('$N_{cs}$', '$E_{tot}$', '$VEC$')","['effective nuclear charge(slater)', 'total energy', 'valence electron number']","(16, 17, 18, 19, 20, 21)"
47,0.963977692,0.919607159,0.89936123,0.895179433,0.898192083,0.867865146,0.863667299,0.881678105,0.898691018,0.029956632,0,"('$\\rho_c$', '$d_{ce}$', '$E_{tot}$')","['cell density', 'core electron distance(schubert)', 'total energy']","(1, 10, 11, 16, 17)"
176,0.886603677,0.920907464,0.919435684,0.821807735,0.947240287,0.888158947,0.896193379,0.899496454,0.897480454,0.034358721,0,"('$\\chi_m$', '$E_{tot}$')","['electronegativity(martynov&batsanov)', 'total energy']","(16, 17, 22, 23)"
147,0.906505236,0.909869631,0.914937929,0.817480839,0.928065048,0.900865149,0.890700655,0.908537642,0.897120266,0.031728739,0,"('$d_{ce}$', '$\\chi_m$', '$E_{tot}$')","['core electron distance(schubert)', 'electronegativity(martynov&batsanov)', 'total energy']","(10, 11, 16, 17, 22, 23)"
97,0.901843079,0.849912553,0.863435092,0.872573923,0.939394088,0.938755805,0.92450522,0.88626699,0.897085844,0.032358154,0,"('$H_f$', '$c$', '$VEC$')","['fusion enthalpy', 'lattice constants c', 'valence electron number']","(4, 5, 12, 13, 20, 21)"
103,0.909448525,0.833279968,0.851671405,0.85949257,0.95408617,0.933186356,0.925944557,0.909205892,0.89703943,0.040668998,0,"('$\\chi_m$', '$c$', '$VEC$')","['electronegativity(martynov&batsanov)', 'lattice constants c', 'valence electron number']","(4, 5, 20, 21, 22, 23)"
98,0.905590553,0.834133367,0.848217259,0.859285768,0.956274644,0.926021984,0.914004217,0.922604448,0.89576653,0.040491432,0,"('$E_{coh}$', '$c$', '$VEC$')","['cohesive energy(Brewer)', 'lattice constants c', 'valence electron number']","(4, 5, 14, 15, 20, 21)"
95,0.907133651,0.849485894,0.868402325,0.875490649,0.939133946,0.916420867,0.915918649,0.880119083,0.894013133,0.028206182,0,"('$d_{ce}$', '$c$', '$VEC$')","['core electron distance(schubert)', 'lattice constants c', 'valence electron number']","(4, 5, 10, 11, 20, 21)"
46,0.93631461,0.899778778,0.894890023,0.873396874,0.908401001,0.872262944,0.879417966,0.886482279,0.893868059,0.019994069,0,"('$\\rho_c$', '$E_{coh}$', '$d_{ce}$')","['cell density', 'cohesive energy(Brewer)', 'core electron distance(schubert)']","(1, 10, 11, 14, 15)"
134,0.87496448,0.891509926,0.894552377,0.82042788,0.940278894,0.892224593,0.912399167,0.909007519,0.891920604,0.032511086,0,"('$\\chi_m$', '$r_{is}$', '$E_{tot}$')","['electronegativity(martynov&batsanov)', 'ionic radii(shannon)', 'total energy']","(8, 9, 16, 17, 22, 23)"
30,0.968944194,0.926949254,0.899645032,0.926687638,0.88939082,0.841050365,0.839837406,0.841900092,0.8918006,0.045051124,1,"('$\\rho_c$', '$r_{c}$', '$E_{tot}$')","['cell density', 'covalent radii', 'total energy']","(1, 6, 7, 16, 17)"
29,0.963045151,0.922643099,0.906509296,0.904204344,0.883378521,0.84763106,0.849759023,0.856297369,0.891683483,0.037826888,0,"('$\\rho_c$', '$E_{coh}$', '$r_{c}$')","['cell density', 'cohesive energy(Brewer)', 'covalent radii']","(1, 6, 7, 14, 15)"
127,0.84435418,0.8671036,0.870653714,0.766484918,0.970533775,0.921685955,0.934582699,0.950267954,0.890708349,0.062593488,1,"('$H_f$', '$r_{is}$', '$E_{tot}$')","['fusion enthalpy', 'ionic radii(shannon)', 'total energy']","(8, 9, 12, 13, 16, 17)"
132,0.867124633,0.858279888,0.843326156,0.822002149,0.967234742,0.898182885,0.922216898,0.944590406,0.89036972,0.047933177,1,"('$N_{cs}$', '$r_{is}$', '$E_{tot}$')","['effective nuclear charge(slater)', 'ionic radii(shannon)', 'total energy']","(8, 9, 16, 17, 18, 19)"
102,0.90092453,0.847071698,0.862115232,0.872275286,0.939709927,0.901809611,0.901044536,0.897274697,0.89027819,0.027015592,0,"('$c$', '$VEC$')","['lattice constants c', 'valence electron number']","(4, 5, 20, 21)"
81,0.912251372,0.83719995,0.813167739,0.822395571,0.95351142,0.932466001,0.92453816,0.926571337,0.890262694,0.052587286,0,"('$r_{c}$', '$a$', '$VEC$')","['covalent radii', 'lattice constants a', 'valence electron number']","(2, 3, 6, 7, 20, 21)"
112,0.836897608,0.863204224,0.863320907,0.776699955,0.968528053,0.948380048,0.920113437,0.941848247,0.88987406,0.061498343,1,"('$r_{c}$', '$H_f$', '$E_{tot}$')","['covalent radii', 'fusion enthalpy', 'total energy']","(6, 7, 12, 13, 16, 17)"
173,0.850830918,0.849632125,0.844617385,0.865471544,0.942524793,0.92815648,0.921198392,0.916330392,0.889845254,0.038252807,0,"('$E_{tot}$', '$VEC$')","['total energy', 'valence electron number']","(16, 17, 20, 21)"
117,0.854636139,0.835418905,0.816906304,0.816795336,0.97062215,0.94543042,0.919364256,0.947054295,0.888278476,0.059788706,1,"('$r_{c}$', '$N_{cs}$', '$E_{tot}$')","['covalent radii', 'effective nuclear charge(slater)', 'total energy']","(6, 7, 16, 17, 18, 19)"
67,0.917047929,0.871089481,0.854203115,0.892931237,0.915495324,0.879501787,0.882285005,0.886899362,0.887431655,0.01986138,0,"('$\\rho_c$', '$E_{tot}$', '$VEC$')","['cell density', 'total energy', 'valence electron number']","(1, 16, 17, 20, 21)"
119,0.847304206,0.882193609,0.88773583,0.813022151,0.942616053,0.895635538,0.906136866,0.903764367,0.884801077,0.036824619,0,"('$r_{c}$', '$\\chi_m$', '$E_{tot}$')","['covalent radii', 'electronegativity(martynov&batsanov)', 'total energy']","(6, 7, 16, 17, 22, 23)"
93,0.919120607,0.85975318,0.867061352,0.869609497,0.919974774,0.931344121,0.88242752,0.828159555,0.884681326,0.033481215,0,"('$r_{is}$', '$c$', '$VEC$')","['ionic radii(shannon)', 'lattice constants c', 'valence electron number']","(4, 5, 8, 9, 20, 21)"
50,0.905800137,0.908925872,0.869756776,0.871864011,0.912241609,0.865215255,0.876953787,0.864002881,0.884345041,0.019511962,0,"('$\\rho_c$', '$d_{ce}$', '$\\chi_m$')","['cell density', 'core electron distance(schubert)', 'electronegativity(martynov&batsanov)']","(1, 10, 11, 22, 23)"
33,0.918005563,0.916614173,0.901835734,0.867916357,0.882805521,0.861554256,0.867473891,0.854454237,0.883832467,0.023579487,0,"('$\\rho_c$', '$r_{c}$', '$\\chi_m$')","['cell density', 'covalent radii', 'electronegativity(martynov&batsanov)']","(1, 6, 7, 22, 23)"
165,0.872090449,0.887334684,0.888522329,0.802350673,0.93724895,0.885378753,0.896666824,0.894543189,0.883016981,0.03525133,0,"('$E_{coh}$', '$\\chi_m$', '$E_{tot}$')","['cohesive energy(Brewer)', 'electronegativity(martynov&batsanov)', 'total energy']","(14, 15, 16, 17, 22, 23)"
54,0.917564993,0.888554374,0.881196275,0.889027233,0.905121544,0.866262551,0.863232008,0.848802943,0.88247024,0.021191516,0,"('$\\rho_c$', '$H_f$', '$E_{tot}$')","['cell density', 'fusion enthalpy', 'total energy']","(1, 12, 13, 16, 17)"
84,0.885941592,0.822849524,0.806849323,0.828599482,0.953026933,0.946761464,0.928318394,0.887330459,0.882459647,0.054111626,0,"('$H_f$', '$a$', '$VEC$')","['fusion enthalpy', 'lattice constants a', 'valence electron number']","(2, 3, 12, 13, 20, 21)"
66,0.949761794,0.876701905,0.851704054,0.925731125,0.914659601,0.84565467,0.857954506,0.833047229,0.88190186,0.040018904,0,"('$\\rho_c$', '$N_{cs}$', '$E_{tot}$')","['cell density', 'effective nuclear charge(slater)', 'total energy']","(1, 16, 17, 18, 19)"
172,0.85240333,0.873497621,0.862539857,0.823049894,0.945724697,0.88655067,0.912225604,0.896386666,0.881547292,0.03535982,0,"('$N_{cs}$', '$\\chi_m$', '$E_{tot}$')","['effective nuclear charge(slater)', 'electronegativity(martynov&batsanov)', 'total energy']","(16, 17, 18, 19, 22, 23)"
155,0.820374316,0.812479072,0.815292956,0.812525082,0.965900745,0.947051172,0.927888597,0.948363086,0.881234378,0.066786602,1,"('$N_{cs}$', '$H_f$', '$E_{tot}$')","['effective nuclear charge(slater)', 'fusion enthalpy', 'total energy']","(12, 13, 16, 17, 18, 19)"
39,0.951296899,0.910989588,0.894782629,0.907102297,0.877558974,0.84136191,0.834336431,0.826691224,0.880514994,0.040957888,0,"('$\\rho_c$', '$r_{is}$', '$E_{tot}$')","['cell density', 'ionic radii(shannon)', 'total energy']","(1, 8, 9, 16, 17)"
42,0.917072549,0.908555817,0.88962514,0.880559041,0.86607264,0.846019406,0.861556748,0.854812461,0.878034225,0.023914086,0,"('$\\rho_c$', '$\\chi_m$', '$r_{is}$')","['cell density', 'electronegativity(martynov&batsanov)', 'ionic radii(shannon)']","(1, 8, 9, 22, 23)"
57,0.893590418,0.910573185,0.887218619,0.874738686,0.882139246,0.857129651,0.857230316,0.861374529,0.877999331,0.017889185,0,"('$\\rho_c$', '$\\chi_m$', '$H_f$')","['cell density', 'electronegativity(martynov&batsanov)', 'fusion enthalpy']","(1, 12, 13, 22, 23)"
140,0.829831842,0.849703346,0.851111719,0.750903096,0.96040465,0.917323556,0.907489426,0.951820356,0.877323499,0.065811999,1,"('$d_{ce}$', '$H_f$', '$E_{tot}$')","['core electron distance(schubert)', 'fusion enthalpy', 'total energy']","(10, 11, 12, 13, 16, 17)"
72,0.936921036,0.882804433,0.881287544,0.845177757,0.875871867,0.873383168,0.862529559,0.85683779,0.876851644,0.025703469,0,"('$\\rho_c$', '$N_{cs}$', '$\\chi_m$')","['cell density', 'effective nuclear charge(slater)', 'electronegativity(martynov&batsanov)']","(1, 18, 19, 22, 23)"
89,0.88926472,0.80296382,0.769537597,0.810901286,0.961461399,0.936135286,0.933562949,0.910156428,0.876747936,0.067525833,0,"('$\\chi_m$', '$a$', '$VEC$')","['electronegativity(martynov&batsanov)', 'lattice constants a', 'valence electron number']","(2, 3, 20, 21, 22, 23)"
145,0.838598163,0.822475159,0.826737948,0.820042164,0.953687771,0.910080723,0.896314836,0.945584656,0.876690178,0.052760813,0,"('$d_{ce}$', '$N_{cs}$', '$E_{tot}$')","['core electron distance(schubert)', 'effective nuclear charge(slater)', 'total energy']","(10, 11, 16, 17, 18, 19)"
83,0.882597912,0.813952354,0.793927545,0.817040789,0.956118227,0.929683493,0.91923555,0.896616759,0.876146579,0.056679536,0,"('$d_{ce}$', '$a$', '$VEC$')","['core electron distance(schubert)', 'lattice constants a', 'valence electron number']","(2, 3, 10, 11, 20, 21)"
77,0.891891923,0.911282592,0.884501613,0.872089703,0.879538494,0.859362405,0.862312015,0.840938948,0.875239712,0.020267976,0,"('$\\rho_c$', '$\\chi_m$')","['cell density', 'electronegativity(martynov&batsanov)']","(1, 22, 23)"
62,0.89235,0.853711939,0.853502458,0.875210289,0.902758712,0.869167493,0.881515666,0.869025382,0.874655242,0.016194736,0,"('$\\rho_c$', '$E_{coh}$', '$VEC$')","['cell density', 'cohesive energy(Brewer)', 'valence electron number']","(1, 14, 15, 20, 21)"
61,0.943774848,0.868830648,0.863915599,0.894530354,0.886113928,0.846217388,0.861383178,0.830424378,0.87439879,0.032391762,0,"('$\\rho_c$', '$E_{coh}$', '$N_{cs}$')","['cell density', 'cohesive energy(Brewer)', 'effective nuclear charge(slater)']","(1, 14, 15, 18, 19)"
88,0.880767658,0.819197436,0.796187977,0.826464616,0.932756122,0.908174623,0.914548197,0.913453696,0.873943791,0.048969835,0,"('$a$', '$VEC$')","['lattice constants a', 'valence electron number']","(2, 3, 20, 21)"
161,0.938222237,0.832205903,0.590707728,0.862327081,0.950424072,0.939379555,0.941021986,0.935562011,0.873731322,0.114377875,0,"('$V_a$', '$H_f$', '$VEC$')","['atomic volume(villars,daams)', 'fusion enthalpy', 'valence electron number']","(12, 13, 20, 21, 24, 25)"
60,0.920950452,0.856939248,0.85989732,0.899745454,0.887787647,0.850028026,0.861854733,0.852402593,0.873700684,0.024328794,0,"('$\\rho_c$', '$E_{coh}$', '$E_{tot}$')","['cell density', 'cohesive energy(Brewer)', 'total energy']","(1, 14, 15, 16, 17)"
124,0.94181719,0.824152727,0.565724947,0.875905212,0.957275965,0.942777237,0.940206193,0.937582362,0.873180229,0.123595538,0,"('$V_a$', '$r_{c}$', '$VEC$')","['atomic volume(villars,daams)', 'covalent radii', 'valence electron number']","(6, 7, 20, 21, 24, 25)"
182,0.937667708,0.832353093,0.587542476,0.864083305,0.953612937,0.93117305,0.940922887,0.93371904,0.872634312,0.114881128,0,"('$V_a$', '$VEC$')","['atomic volume(villars,daams)', 'valence electron number']","(20, 21, 24, 25)"
105,0.847351769,0.880530796,0.874941978,0.821632473,0.897170331,0.891410335,0.878512141,0.884343299,0.87198664,0.023534345,0,"('$r_{c}$', '$r_{is}$', '$E_{tot}$')","['covalent radii', 'ionic radii(shannon)', 'total energy']","(6, 7, 8, 9, 16, 17)"
163,0.817287763,0.811694243,0.797629582,0.80887634,0.957602153,0.93345557,0.915568205,0.930504968,0.871577353,0.063806225,0,"('$E_{coh}$', '$N_{cs}$', '$E_{tot}$')","['cohesive energy(Brewer)', 'effective nuclear charge(slater)', 'total energy']","(14, 15, 16, 17, 18, 19)"
41,0.892942158,0.891714396,0.888692829,0.868640379,0.886793369,0.838276996,0.838278071,0.864887965,0.87127827,0.021380003,0,"('$\\rho_c$', '$r_{is}$', '$VEC$')","['cell density', 'ionic radii(shannon)', 'valence electron number']","(1, 8, 9, 20, 21)"
45,0.845137922,0.886377157,0.904346316,0.783260656,0.912078514,0.86796222,0.882595021,0.887781951,0.87119247,0.03845115,0,"('$\\rho_c$', '$d_{ce}$', '$H_f$')","['cell density', 'core electron distance(schubert)', 'fusion enthalpy']","(1, 10, 11, 12, 13)"
170,0.819514613,0.811008834,0.807573372,0.813209683,0.955317487,0.929067189,0.912890342,0.920716597,0.871162265,0.059497805,0,"('$N_{cs}$', '$E_{tot}$')","['effective nuclear charge(slater)', 'total energy']","(16, 17, 18, 19)"
71,0.937144101,0.882133208,0.855454207,0.900583349,0.87718306,0.817961145,0.856931204,0.841333461,0.871090467,0.034541924,0,"('$\\rho_c$', '$N_{cs}$', '$VEC$')","['cell density', 'effective nuclear charge(slater)', 'valence electron number']","(1, 18, 19, 20, 21)"
65,0.915114768,0.879563316,0.871103994,0.888765936,0.886550493,0.840529882,0.840902953,0.845472086,0.871000429,0.025156597,0,"('$\\rho_c$', '$E_{tot}$')","['cell density', 'total energy']","(1, 16, 17)"
53,0.887809798,0.865185824,0.872443022,0.866476995,0.899359783,0.858321874,0.871391376,0.843619541,0.870576027,0.016016908,0,"('$\\rho_c$', '$E_{coh}$', '$H_f$')","['cell density', 'cohesive energy(Brewer)', 'fusion enthalpy']","(1, 12, 13, 14, 15)"
38,0.919944448,0.883677388,0.88682122,0.875197584,0.884997891,0.840663899,0.846506859,0.825453164,0.870407807,0.028749018,0,"('$\\rho_c$', '$E_{coh}$', '$r_{is}$')","['cell density', 'cohesive energy(Brewer)', 'ionic radii(shannon)']","(1, 8, 9, 14, 15)"
152,0.758660372,0.826096778,0.827645438,0.734610923,0.968870513,0.948109107,0.932603898,0.953804971,0.86880025,0.087503952,1,"('$E_{coh}$', '$H_f$', '$E_{tot}$')","['cohesive energy(Brewer)', 'fusion enthalpy', 'total energy']","(12, 13, 14, 15, 16, 17)"
131,0.836461422,0.85884882,0.863058585,0.765948413,0.936536263,0.894532548,0.886758927,0.902732934,0.868109739,0.048058224,0,"('$r_{is}$', '$E_{tot}$')","['ionic radii(shannon)', 'total energy']","(8, 9, 16, 17)"
99,0.865644233,0.770959236,0.802868624,0.82435958,0.947220924,0.919656981,0.903492368,0.907660638,0.867732823,0.058465314,0,"('$c$', '$E_{tot}$', '$VEC$')","['lattice constants c', 'total energy', 'valence electron number']","(4, 5, 16, 17, 20, 21)"
85,0.877764325,0.800198968,0.760399785,0.780730123,0.956477058,0.927100297,0.923269779,0.91566676,0.867700887,0.071180534,0,"('$E_{coh}$', '$a$', '$VEC$')","['cohesive energy(Brewer)', 'lattice constants a', 'valence electron number']","(2, 3, 14, 15, 20, 21)"
181,0.93837027,0.814181473,0.529612133,0.867164453,0.960796394,0.944348292,0.944969864,0.933610234,0.866631639,0.135558922,0,"('$V_a$', '$\\chi_m$', '$VEC$')","['atomic volume(villars,daams)', 'electronegativity(martynov&batsanov)', 'valence electron number']","(20, 21, 22, 23, 24, 25)"
151,0.937239464,0.8271066,0.570521142,0.864201023,0.945671692,0.932342868,0.935811843,0.916071754,0.866120798,0.118336629,0,"('$V_a$', '$d_{ce}$', '$VEC$')","['atomic volume(villars,daams)', 'core electron distance(schubert)', 'valence electron number']","(10, 11, 20, 21, 24, 25)"
125,0.907381081,0.902587099,0.907977541,0.758851623,0.878106835,0.884302871,0.851990182,0.820816757,0.864001749,0.048710016,0,"('$d_{ce}$', '$r_{is}$', '$E_{tot}$')","['core electron distance(schubert)', 'ionic radii(shannon)', 'total energy']","(8, 9, 10, 11, 16, 17)"
82,0.890652631,0.826674817,0.796455033,0.822061663,0.924550162,0.936858347,0.893609155,0.820914562,0.863972046,0.050165215,0,"('$r_{is}$', '$a$', '$VEC$')","['ionic radii(shannon)', 'lattice constants a', 'valence electron number']","(2, 3, 8, 9, 20, 21)"
101,0.893556785,0.778345206,0.770710261,0.836062225,0.931857901,0.907270381,0.907959483,0.867326936,0.861636147,0.057085095,0,"('$N_{cs}$', '$c$', '$VEC$')","['effective nuclear charge(slater)', 'lattice constants c', 'valence electron number']","(4, 5, 18, 19, 20, 21)"
154,0.772541682,0.787462785,0.788426723,0.754863123,0.968774784,0.946528718,0.928607648,0.945415903,0.861577671,0.086883002,1,"('$H_f$', '$E_{tot}$')","['fusion enthalpy', 'total energy']","(12, 13, 16, 17)"
108,0.912526365,0.90165917,0.911867239,0.790394735,0.874120022,0.890631682,0.827143984,0.779500731,0.860980491,0.050891113,0,"('$d_{ce}$', '$r_{c}$', '$E_{tot}$')","['core electron distance(schubert)', 'covalent radii', 'total energy']","(6, 7, 10, 11, 16, 17)"
22,0.905773166,0.806363283,0.775328387,0.888699376,0.907209081,0.855625157,0.866178917,0.876831389,0.860251094,0.044065042,0,"('$\\rho_c$', '$c$', '$VEC$')","['cell density', 'lattice constants c', 'valence electron number']","(1, 4, 5, 20, 21)"
116,0.837489209,0.863695392,0.862203323,0.783359301,0.898822879,0.896755419,0.884448954,0.848818379,0.859449107,0.035315669,0,"('$r_{c}$', '$E_{tot}$')","['covalent radii', 'total energy']","(6, 7, 16, 17)"
139,0.93319163,0.809056241,0.512441722,0.863260941,0.946408117,0.936806905,0.94022112,0.930760286,0.85901837,0.138546054,0,"('$V_a$', '$r_{is}$', '$VEC$')","['atomic volume(villars,daams)', 'ionic radii(shannon)', 'valence electron number']","(8, 9, 20, 21, 24, 25)"
11,0.911640907,0.837144898,0.743559558,0.893113845,0.904379898,0.855097603,0.864818667,0.860526452,0.858785229,0.049811322,0,"('$\\rho_c$', '$a$', '$VEC$')","['cell density', 'lattice constants a', 'valence electron number']","(1, 2, 3, 20, 21)"
48,0.865967597,0.851047065,0.843914777,0.784699834,0.907791982,0.855851812,0.883136008,0.877217421,0.858703312,0.033845533,0,"('$\\rho_c$', '$d_{ce}$', '$N_{cs}$')","['cell density', 'core electron distance(schubert)', 'effective nuclear charge(slater)']","(1, 10, 11, 18, 19)"
59,0.880595279,0.850441134,0.85287895,0.865960727,0.873134465,0.84995841,0.857282679,0.835558803,0.858226306,0.013484773,0,"('$\\rho_c$', '$E_{coh}$')","['cell density', 'cohesive energy(Brewer)']","(1, 14, 15)"
109,0.868674236,0.890692709,0.909639551,0.694327778,0.915166237,0.907811412,0.857622957,0.813333433,0.857158539,0.069261035,0,"('$d_{ce}$', '$r_{c}$', '$N_{cs}$')","['core electron distance(schubert)', 'covalent radii', 'effective nuclear charge(slater)']","(6, 7, 10, 11, 18, 19)"
27,0.859034996,0.855873815,0.814031359,0.812912487,0.895352866,0.864537189,0.869861206,0.872559886,0.855520476,0.026723545,0,"('$\\rho_c$', '$d_{ce}$', '$r_{c}$')","['cell density', 'core electron distance(schubert)', 'covalent radii']","(1, 6, 7, 10, 11)"
86,0.875980766,0.76893728,0.706044591,0.814286075,0.940196004,0.912871695,0.907091043,0.91352885,0.854867038,0.077812897,0,"('$a$', '$E_{tot}$', '$VEC$')","['lattice constants a', 'total energy', 'valence electron number']","(2, 3, 16, 17, 20, 21)"
12,0.935569101,0.8336015,0.74868127,0.894430288,0.874897942,0.865124954,0.853800561,0.83241596,0.854815197,0.051011448,0,"('$\\rho_c$', '$\\chi_m$', '$a$')","['cell density', 'electronegativity(martynov&batsanov)', 'lattice constants a']","(1, 2, 3, 22, 23)"
114,0.826382711,0.83545009,0.836857054,0.774446323,0.923720412,0.894102147,0.872501176,0.871425846,0.85436072,0.043074808,0,"('$E_{coh}$', '$r_{c}$', '$E_{tot}$')","['cohesive energy(Brewer)', 'covalent radii', 'total energy']","(6, 7, 14, 15, 16, 17)"
56,0.815866651,0.839933337,0.857706763,0.845570381,0.887359059,0.863215742,0.863001196,0.848288882,0.852617751,0.019470915,0,"('$\\rho_c$', '$H_f$', '$VEC$')","['cell density', 'fusion enthalpy', 'valence electron number']","(1, 12, 13, 20, 21)"
36,0.880051563,0.854258217,0.82611877,0.782098797,0.899549578,0.849897643,0.865474252,0.857440585,0.851861176,0.033212177,0,"('$\\rho_c$', '$d_{ce}$', '$r_{is}$')","['cell density', 'core electron distance(schubert)', 'ionic radii(shannon)']","(1, 8, 9, 10, 11)"
169,0.943708628,0.771939847,0.467038434,0.867821132,0.952841555,0.932987546,0.930444148,0.934256088,0.850129672,0.155276117,0,"('$V_a$', '$E_{coh}$', '$VEC$')","['atomic volume(villars,daams)', 'cohesive energy(Brewer)', 'valence electron number']","(14, 15, 20, 21, 24, 25)"
44,0.815201418,0.843700546,0.82777844,0.780038713,0.910383629,0.870388132,0.868285468,0.884357767,0.850016764,0.039076327,0,"('$\\rho_c$', '$d_{ce}$')","['cell density', 'core electron distance(schubert)']","(1, 10, 11)"
129,0.816624333,0.846304492,0.852363124,0.731274469,0.925680856,0.886422179,0.87038233,0.846260119,0.846913988,0.053193436,0,"('$E_{coh}$', '$r_{is}$', '$E_{tot}$')","['cohesive energy(Brewer)', 'ionic radii(shannon)', 'total energy']","(8, 9, 14, 15, 16, 17)"
31,0.893500127,0.844611216,0.84588791,0.786920015,0.87559356,0.84001965,0.852653949,0.836065061,0.846906436,0.029147462,0,"('$\\rho_c$', '$r_{c}$', '$N_{cs}$')","['cell density', 'covalent radii', 'effective nuclear charge(slater)']","(1, 6, 7, 18, 19)"
6,0.84450387,0.808428175,0.747871388,0.868740228,0.901568979,0.866119051,0.867249886,0.87071771,0.846899911,0.04487337,0,"('$\\rho_c$', '$d_{ce}$', '$a$')","['cell density', 'core electron distance(schubert)', 'lattice constants a']","(1, 2, 3, 10, 11)"
8,0.91730239,0.825557101,0.692194116,0.897588638,0.879766764,0.854140968,0.851608356,0.847267445,0.845678222,0.064282853,0,"('$\\rho_c$', '$E_{coh}$', '$a$')","['cell density', 'cohesive energy(Brewer)', 'lattice constants a']","(1, 2, 3, 14, 15)"
162,0.749877131,0.808520158,0.798948689,0.735612178,0.943797877,0.939168936,0.873956803,0.911858764,0.845217567,0.077783818,0,"('$E_{coh}$', '$E_{tot}$')","['cohesive energy(Brewer)', 'total energy']","(14, 15, 16, 17)"
19,0.905250553,0.801337355,0.760518403,0.886171081,0.883000435,0.846904091,0.848480502,0.823668212,0.844416329,0.045112147,0,"('$\\rho_c$', '$E_{coh}$', '$c$')","['cell density', 'cohesive energy(Brewer)', 'lattice constants c']","(1, 4, 5, 14, 15)"
80,0.878797416,0.731883841,0.659238206,0.787184181,0.934151285,0.900510399,0.913052316,0.915070363,0.839986001,0.094971609,0,"('$a$', '$c$', '$VEC$')","['lattice constants a', 'lattice constants c', 'valence electron number']","(2, 3, 4, 5, 20, 21)"
4,0.897294953,0.828055199,0.755582109,0.869611459,0.860445941,0.838841993,0.829658056,0.840280076,0.839971223,0.038657169,0,"('$\\rho_c$', '$r_{c}$', '$a$')","['cell density', 'covalent radii', 'lattice constants a']","(1, 2, 3, 6, 7)"
144,0.82318573,0.841936776,0.838097399,0.745520185,0.88828989,0.907999918,0.829386519,0.837675364,0.839011473,0.045114661,0,"('$d_{ce}$', '$E_{tot}$')","['core electron distance(schubert)', 'total energy']","(10, 11, 16, 17)"
23,0.897243613,0.787166846,0.755471409,0.853859419,0.878266285,0.849136077,0.851283771,0.831798817,0.83802828,0.043469238,0,"('$\\rho_c$', '$\\chi_m$', '$c$')","['cell density', 'electronegativity(martynov&batsanov)', 'lattice constants c']","(1, 4, 5, 22, 23)"
142,0.83536623,0.859866864,0.875179456,0.747051513,0.877553398,0.87953619,0.846852832,0.779254626,0.837582639,0.04603906,0,"('$E_{coh}$', '$d_{ce}$', '$E_{tot}$')","['cohesive energy(Brewer)', 'core electron distance(schubert)', 'total energy']","(10, 11, 14, 15, 16, 17)"
26,0.881176995,0.862908644,0.846061811,0.812948503,0.856440582,0.817311496,0.812604381,0.807576253,0.837128583,0.026243571,0,"('$\\rho_c$', '$r_{c}$', '$r_{is}$')","['cell density', 'covalent radii', 'ionic radii(shannon)']","(1, 6, 7, 8, 9)"
87,0.862977289,0.720001836,0.668130859,0.768504004,0.929174548,0.921068866,0.915506678,0.909715246,0.836884916,0.096557172,0,"('$N_{cs}$', '$a$', '$VEC$')","['effective nuclear charge(slater)', 'lattice constants a', 'valence electron number']","(2, 3, 18, 19, 20, 21)"
175,0.955782206,0.72721677,0.394408673,0.875101221,0.953831131,0.931104901,0.925372939,0.923763364,0.835822651,0.18073882,0,"('$V_a$', '$E_{tot}$', '$VEC$')","['atomic volume(villars,daams)', 'total energy', 'valence electron number']","(16, 17, 20, 21, 24, 25)"
20,0.904704102,0.764904955,0.707425528,0.87362446,0.877838139,0.840263039,0.840415933,0.830533616,0.829963721,0.06046512,0,"('$\\rho_c$', '$c$', '$E_{tot}$')","['cell density', 'lattice constants c', 'total energy']","(1, 4, 5, 16, 17)"
17,0.831008048,0.774848183,0.746937126,0.821452145,0.895758731,0.846829786,0.86073069,0.861893141,0.829932231,0.045530497,0,"('$\\rho_c$', '$d_{ce}$', '$c$')","['cell density', 'core electron distance(schubert)', 'lattice constants c']","(1, 4, 5, 10, 11)"
7,0.833944776,0.804522464,0.74883916,0.86495872,0.858085603,0.846554343,0.81750144,0.859262336,0.829208605,0.036304606,0,"('$\\rho_c$', '$H_f$', '$a$')","['cell density', 'fusion enthalpy', 'lattice constants a']","(1, 2, 3, 12, 13)"
5,0.882953815,0.853764759,0.783188566,0.886124148,0.821635292,0.801875288,0.793031921,0.809463216,0.829004626,0.037668854,0,"('$\\rho_c$', '$r_{is}$', '$a$')","['cell density', 'ionic radii(shannon)', 'lattice constants a']","(1, 2, 3, 8, 9)"
9,0.937535615,0.761173478,0.567927111,0.911310044,0.888141544,0.843033622,0.8522804,0.866656097,0.828507239,0.110094899,0,"('$\\rho_c$', '$a$', '$E_{tot}$')","['cell density', 'lattice constants a', 'total energy']","(1, 2, 3, 16, 17)"
40,0.854008359,0.829876427,0.842811414,0.797515993,0.857640765,0.822370957,0.815980104,0.794805231,0.826876156,0.022291074,0,"('$\\rho_c$', '$N_{cs}$', '$r_{is}$')","['cell density', 'effective nuclear charge(slater)', 'ionic radii(shannon)']","(1, 8, 9, 18, 19)"
28,0.793309713,0.793910408,0.79206528,0.80193563,0.875130331,0.845147917,0.849498951,0.832486616,0.822935606,0.029850965,0,"('$\\rho_c$', '$r_{c}$', '$H_f$')","['cell density', 'covalent radii', 'fusion enthalpy']","(1, 6, 7, 12, 13)"
55,0.823253895,0.814336054,0.825012859,0.786983631,0.859988491,0.841482794,0.82422298,0.797478399,0.821594888,0.021573056,0,"('$\\rho_c$', '$N_{cs}$', '$H_f$')","['cell density', 'effective nuclear charge(slater)', 'fusion enthalpy']","(1, 12, 13, 18, 19)"
10,0.891311884,0.763605572,0.675835002,0.850768835,0.86973824,0.833541571,0.841863529,0.827450101,0.819264342,0.064403454,0,"('$\\rho_c$', '$N_{cs}$', '$a$')","['cell density', 'effective nuclear charge(slater)', 'lattice constants a']","(1, 2, 3, 18, 19)"
179,0.921949155,0.732186969,0.320699498,0.761989772,0.956020729,0.936518557,0.939620918,0.937623656,0.813326157,0.203296986,0,"('$V_a$', '$N_{cs}$', '$VEC$')","['atomic volume(villars,daams)', 'effective nuclear charge(slater)', 'valence electron number']","(18, 19, 20, 21, 24, 25)"
76,0.960068658,0.757904395,0.427626487,0.891090347,0.887898183,0.844191251,0.870946863,0.853423801,0.811643748,0.154448779,0,"('$V_a$', '$\\rho_c$', '$VEC$')","['atomic volume(villars,daams)', 'cell density', 'valence electron number']","(1, 20, 21, 24, 25)"
70,0.818660819,0.814856605,0.824392813,0.785010079,0.828520232,0.809729995,0.827271606,0.778876755,0.810914863,0.017796019,0,"('$\\rho_c$', '$N_{cs}$')","['cell density', 'effective nuclear charge(slater)']","(1, 18, 19)"
18,0.809793181,0.767652238,0.732412992,0.814920106,0.859404062,0.841595152,0.825485557,0.826374642,0.809704741,0.038378991,0,"('$\\rho_c$', '$H_f$', '$c$')","['cell density', 'fusion enthalpy', 'lattice constants c']","(1, 4, 5, 12, 13)"
21,0.854234484,0.741588051,0.688695596,0.845895344,0.870277252,0.828931797,0.817830935,0.823343151,0.808849576,0.057944644,0,"('$\\rho_c$', '$N_{cs}$', '$c$')","['cell density', 'effective nuclear charge(slater)', 'lattice constants c']","(1, 4, 5, 18, 19)"
111,0.757913147,0.760587387,0.759051088,0.677373029,0.896278303,0.930842703,0.863633607,0.816680759,0.807795003,0.079269758,0,"('$d_{ce}$', '$r_{c}$', '$\\chi_m$')","['core electron distance(schubert)', 'covalent radii', 'electronegativity(martynov&batsanov)']","(6, 7, 10, 11, 22, 23)"
78,0.916651578,0.77881788,0.437625376,0.842240545,0.875302715,0.861251586,0.870856228,0.859831924,0.805322229,0.143593182,0,"('$V_a$', '$\\rho_c$', '$\\chi_m$')","['atomic volume(villars,daams)', 'cell density', 'electronegativity(martynov&batsanov)']","(1, 22, 23, 24, 25)"
25,0.788210293,0.790174616,0.769802032,0.802502803,0.847750889,0.827036553,0.803138706,0.813868369,0.805310533,0.022752495,0,"('$\\rho_c$', '$r_{c}$')","['cell density', 'covalent radii']","(1, 6, 7)"
51,0.849420892,0.780411452,0.44763144,0.82032008,0.911279199,0.871449215,0.87187663,0.885537327,0.804740779,0.140175684,0,"('$V_a$', '$\\rho_c$', '$d_{ce}$')","['atomic volume(villars,daams)', 'cell density', 'core electron distance(schubert)']","(1, 10, 11, 24, 25)"
2,0.83227012,0.80307243,0.748216607,0.855147115,0.825520057,0.822506179,0.791951891,0.751337201,0.8037527,0.035797179,0,"('$\\rho_c$', '$a$')","['cell density', 'lattice constants a']","(1, 2, 3)"
37,0.766572893,0.78463855,0.774036015,0.771348096,0.857742855,0.84170178,0.811337816,0.821184556,0.80357032,0.032397985,0,"('$\\rho_c$', '$H_f$', '$r_{is}$')","['cell density', 'fusion enthalpy', 'ionic radii(shannon)']","(1, 8, 9, 12, 13)"
96,0.676634421,0.645808127,0.657475673,0.68159252,0.965141593,0.939441708,0.919576084,0.942431273,0.803512675,0.138982844,0,"('$H_f$', '$c$', '$E_{tot}$')","['fusion enthalpy', 'lattice constants c', 'total energy']","(4, 5, 12, 13, 16, 17)"
15,0.821125192,0.760521518,0.717366823,0.820459332,0.835504113,0.826345992,0.812758308,0.819612059,0.801711667,0.038292089,0,"('$\\rho_c$', '$r_{c}$', '$c$')","['cell density', 'covalent radii', 'lattice constants c']","(1, 4, 5, 6, 7)"
52,0.710960216,0.778058361,0.816320594,0.757209293,0.855431473,0.842861625,0.830418617,0.808322612,0.799947849,0.045292423,0,"('$\\rho_c$', '$H_f$')","['cell density', 'fusion enthalpy']","(1, 12, 13)"
64,0.962204457,0.711279384,0.382653128,0.895032609,0.887469259,0.849668427,0.850377725,0.845203241,0.797986029,0.1703151,0,"('$V_a$', '$\\rho_c$', '$E_{coh}$')","['atomic volume(villars,daams)', 'cell density', 'cohesive energy(Brewer)']","(1, 14, 15, 24, 25)"
90,0.889153704,0.634939696,0.305690988,0.805633957,0.941378229,0.924098517,0.920147483,0.918671842,0.792464302,0.207068468,0,"('$V_a$', '$a$', '$VEC$')","['atomic volume(villars,daams)', 'lattice constants a', 'valence electron number']","(2, 3, 20, 21, 24, 25)"
16,0.827642007,0.779884043,0.745709331,0.827458677,0.812895754,0.789772793,0.773413822,0.776039362,0.791601974,0.027059671,0,"('$\\rho_c$', '$r_{is}$', '$c$')","['cell density', 'ionic radii(shannon)', 'lattice constants c']","(1, 4, 5, 8, 9)"
100,0.691265894,0.643320692,0.670931983,0.689278087,0.938506982,0.890134007,0.896258246,0.893632328,0.789166027,0.11709579,0,"('$\\chi_m$', '$c$', '$E_{tot}$')","['electronegativity(martynov&batsanov)', 'lattice constants c', 'total energy']","(4, 5, 16, 17, 22, 23)"
14,0.809639775,0.768806821,0.730935065,0.814637333,0.828091405,0.800877682,0.78314818,0.764929668,0.787633241,0.029854799,0,"('$\\rho_c$', '$c$')","['cell density', 'lattice constants c']","(1, 4, 5)"
74,0.767112119,0.837060287,0.822431543,0.843909155,0.750114616,0.711977516,0.789531108,0.764390159,0.785815813,0.043143516,0,"('$\\rho_c$', '$VEC$')","['cell density', 'valence electron number']","(1, 20, 21)"
58,0.841310423,0.78725895,0.455594722,0.822726969,0.875653484,0.848496885,0.828642365,0.809154778,0.783604822,0.12640687,0,"('$V_a$', '$\\rho_c$', '$H_f$')","['atomic volume(villars,daams)', 'cell density', 'fusion enthalpy']","(1, 12, 13, 24, 25)"
34,0.852271414,0.780903236,0.437641224,0.816923774,0.869455839,0.840324021,0.825836449,0.834068411,0.782178046,0.132488031,0,"('$V_a$', '$\\rho_c$', '$r_{c}$')","['atomic volume(villars,daams)', 'cell density', 'covalent radii']","(1, 6, 7, 24, 25)"
69,0.965373443,0.666330588,0.290774951,0.909021666,0.891642246,0.844345985,0.845064098,0.841178,0.781716372,0.202431687,0,"('$V_a$', '$\\rho_c$', '$E_{tot}$')","['atomic volume(villars,daams)', 'cell density', 'total energy']","(1, 16, 17, 24, 25)"
3,0.848803432,0.722275729,0.522337883,0.845834062,0.824246869,0.828904435,0.791865348,0.790554535,0.771852787,0.101772105,0,"('$\\rho_c$', '$a$', '$c$')","['cell density', 'lattice constants a', 'lattice constants c']","(1, 2, 3, 4, 5)"
92,0.684184401,0.6380059,0.633997366,0.67960067,0.893270824,0.886184555,0.861474102,0.856193336,0.766613894,0.10946183,0,"('$r_{is}$', '$c$', '$E_{tot}$')","['ionic radii(shannon)', 'lattice constants c', 'total energy']","(4, 5, 8, 9, 16, 17)"
107,0.720033193,0.739970998,0.748435954,0.640865453,0.81312173,0.874800056,0.812219325,0.758464587,0.763488912,0.066104161,0,"('$E_{coh}$', '$d_{ce}$', '$r_{c}$')","['cohesive energy(Brewer)', 'core electron distance(schubert)', 'covalent radii']","(6, 7, 10, 11, 14, 15)"
94,0.690476964,0.644627287,0.665376938,0.686134565,0.87031029,0.860882966,0.827951697,0.810361824,0.757015316,0.088021414,0,"('$d_{ce}$', '$c$', '$E_{tot}$')","['core electron distance(schubert)', 'lattice constants c', 'total energy']","(4, 5, 10, 11, 16, 17)"
104,0.889113361,0.527993618,0.156774334,0.749810558,0.939110313,0.922715688,0.922723127,0.928302253,0.754567906,0.261631313,0,"('$V_a$', '$c$', '$VEC$')","['atomic volume(villars,daams)', 'lattice constants c', 'valence electron number']","(4, 5, 20, 21, 24, 25)"
35,0.759623961,0.776639174,0.754057766,0.769920508,0.772756533,0.722317487,0.746561816,0.733655876,0.75444164,0.018099951,0,"('$\\rho_c$', '$r_{is}$')","['cell density', 'ionic radii(shannon)']","(1, 8, 9)"
79,0.838200055,0.785479989,0.445181127,0.823252544,0.811198532,0.784253563,0.782438346,0.73196128,0.75024568,0.119171245,0,"('$V_a$', '$\\rho_c$')","['atomic volume(villars,daams)', 'cell density']","(1, 24, 25)"
73,0.854956714,0.659697213,0.284973296,0.838246616,0.860829443,0.844515795,0.834825837,0.812740476,0.748848174,0.18558872,0,"('$V_a$', '$\\rho_c$', '$N_{cs}$')","['atomic volume(villars,daams)', 'cell density', 'effective nuclear charge(slater)']","(1, 18, 19, 24, 25)"
43,0.8596302,0.777896686,0.43275782,0.831516727,0.795553103,0.75902795,0.767817284,0.725077047,0.743659602,0.123924461,0,"('$V_a$', '$\\rho_c$', '$r_{is}$')","['atomic volume(villars,daams)', 'cell density', 'ionic radii(shannon)']","(1, 8, 9, 24, 25)"
120,0.7863898,0.64683382,0.322607543,0.658506904,0.89549872,0.897672656,0.875389099,0.831398444,0.739287123,0.182828429,0,"('$V_a$', '$r_{c}$', '$E_{tot}$')","['atomic volume(villars,daams)', 'covalent radii', 'total energy']","(6, 7, 16, 17, 24, 25)"
135,0.826889919,0.649180353,0.305778891,0.674632021,0.875200177,0.881380456,0.856872517,0.814062229,0.73549957,0.182300884,0,"('$V_a$', '$r_{is}$', '$E_{tot}$')","['atomic volume(villars,daams)', 'ionic radii(shannon)', 'total energy']","(8, 9, 16, 17, 24, 25)"
13,0.898238954,0.648713393,0.268448458,0.859648739,0.823318116,0.789686284,0.797796491,0.776845896,0.732837041,0.188330731,0,"('$V_a$', '$\\rho_c$', '$a$')","['atomic volume(villars,daams)', 'cell density', 'lattice constants a']","(1, 2, 3, 24, 25)"
24,0.835011557,0.523285029,0.069381485,0.798168528,0.792839469,0.788711971,0.782552324,0.669123455,0.657384227,0.241480193,0,"('$V_a$', '$\\rho_c$', '$c$')","['atomic volume(villars,daams)', 'cell density', 'lattice constants c']","(1, 4, 5, 24, 25)"
1,0.82546981,0.294196327,-0.475790344,0.642000667,0.969796865,0.964079355,0.952140343,0.963863976,0.641969625,0.476320947,1,"('$V_c$', '$E_{tot}$', '$VEC$')","['cell volume', 'total energy', 'valence electron number']","(0, 16, 17, 20, 21)"
0,0.822719694,0.500426124,-0.251272593,0.562430159,0.854312766,0.850922158,0.856291245,0.830380641,0.628276274,0.358049667,0,"('$\\rho_c$', '$V_c$', '$\\chi_m$')","['cell density', 'cell volume', 'electronegativity(martynov&batsanov)']","(0, 1, 22, 23)"
